{
    "AWSTemplateFormatVersion": "2010-09-09",
    "Description": "Pinpoint resource stack creation using Amplify CLI",
    "Parameters": {
        "appName": {
            "Type": "String"
        },
        "appId": {
            "Type": "String",
            "Default": "NONE"
        },
        "roleName": {
            "Type": "String"
        },
        "cloudWatchPolicyName": {
            "Type": "String"
        },
        "pinpointPolicyName": {
            "Type": "String"
        },
        "authPolicyName": {
            "Type": "String"
        },
        "unauthPolicyName": {
            "Type": "String"
        },
        "authRoleName": {
            "Type":  "String"
        },
        "unauthRoleName": {
            "Type":  "String"
        },
        "IAMPrefix": {
            "Type":  "String"
        }
    },
    "Metadata": {
        "AWS::CloudFormation::Interface": {
            "ParameterGroups": [
                {
                    "Label": {
                        "default": "Creating pinpoint app"
                    },
                    "Parameters": [
                        "appName"
                    ]
                }
            ]
        }
    },
    "Conditions": {
        "ShouldCreatePinpointApp": {
            "Fn::Equals": [
                {
                    "Ref": "appId"
                },
                "NONE"
            ]
        }
    },
    "Resources": {
        "LambdaExecutionRole": {
            "Condition": "ShouldCreatePinpointApp",
            "Type": "AWS::IAM::Role",
            "Properties": {
                "RoleName": {
                    "Ref": "roleName"
                },
                "AssumeRolePolicyDocument": {
                    "Version": "2012-10-17",
                    "Statement": [
                        {
                            "Effect": "Allow",
                            "Principal": {
                                "Service": [
                                    "lambda.amazonaws.com"
                                ]
                            },
                            "Action": [
                                "sts:AssumeRole"
                            ]
                        }
                    ]
                },
                "Policies": [
                    {
                        "PolicyName": {
                            "Ref": "cloudWatchPolicyName"
                        },
                        "PolicyDocument": {
                            "Version": "2012-10-17",
                            "Statement": [
                                {
                                    "Effect": "Allow",
                                    "Action": [
                                        "logs:CreateLogGroup",
                                        "logs:CreateLogStream",
                                        "logs:PutLogEvents"
                                    ],
                                    "Resource": "arn:aws:logs:*:*:*"
                                }
                            ]
                        }
                    },
                    {
                        "PolicyName": {
                            "Ref": "pinpointPolicyName"
                        },
                        "PolicyDocument": {
                            "Version": "2012-10-17",
                            "Statement": [
                                {
                                    "Effect": "Allow",
                                    "Action": [
                                        "mobileanalytics:*",
                                        "mobiletargeting:*"
                                    ],
                                    "Resource": "*"
                                }
                            ]
                        }
                    }
                ]
            }
        },
        "PinpointFunction": {
            "Type": "AWS::Lambda::Function",
            "Condition": "ShouldCreatePinpointApp",
            "Properties": {
                "Code": {
                    "ZipFile": {
                        "Fn::Join": [
                            "\n",
                            [
                                "const response = require('cfn-response');",
                                "const aws = require('aws-sdk');",
                                "const pinpoint = new aws.Pinpoint({ apiVersion: '2016-12-01', region: 'us-east-1' });",
                                "exports.handler = function(event, context) {",
                                "    if (event.RequestType == 'Delete') {",
                                "        response.send(event, context, response.SUCCESS);",
                                "        return;",
                                "    }",
                                "    if (event.RequestType == 'Update') {",
                                "        response.send(event, context, response.SUCCESS);",
                                "        return;",
                                "    }",
                                "    if (event.RequestType == 'Create') {",
                                "       const appName = event.ResourceProperties.appName;",
                                "       let responseData = {};",
                                "       const params = {",
                                "           CreateApplicationRequest: {",
                                "               Name: appName",
                                "           }",
                                "       };",
                                "       return pinpoint.createApp(params).promise()",
                                "           .then((res) => {",
                                "               responseData = res.ApplicationResponse;",
                                "               response.send(event, context, response.SUCCESS, responseData);",
                                "           }).catch((err) => {",
                                "               console.log(err.stack);",
                                "               responseData = {Error: err};",
                                "               response.send(event, context, response.FAILED, responseData);",
                                "               throw err;",
                                "           });",
                                "    }",
                                "};"
                            ]
                        ]
                    }
                },
                "Handler": "index.handler",
                "Runtime": "nodejs6.10",
                "Timeout": "300",
                "Role": {
                    "Fn::GetAtt": [
                        "LambdaExecutionRole",
                        "Arn"
                    ]
                }
            }
        },
        "PinpointFunctionOutputs": {
            "Type": "Custom::LambdaCallout",
            "Condition": "ShouldCreatePinpointApp",
            "Properties": {
                "ServiceToken": {
                    "Fn::GetAtt": [
                        "PinpointFunction",
                        "Arn"
                    ]
                },
                "appName": {
                    "Ref": "appName"
                }
            }
        },
        "CognitoUnauthPolicy": {
            "Type": "AWS::IAM::Policy",
            "Condition": "ShouldCreatePinpointApp",
            "Properties": {
              "PolicyName": {"Ref": "unauthPolicyName" },
              "Roles": [ 
                {"Ref": "unauthRoleName" }
              ],
              "PolicyDocument": {
                "Version": "2012-10-17",
                "Statement": [
                  {
                    "Effect": "Allow",
                    "Action": [
                        "mobileanalytics:PutEvents"
                    ],
                    "Resource": [
                        "*"
                    ]
                  },
                  {
                    "Effect": "Allow",
                    "Action": [
                        "mobiletargeting:UpdateEndpoint"
                    ],
                    "Resource": [
                        {

                            "Fn::If": [
                                "ShouldCreatePinpointApp",
                                {

                                    "Fn::Join": [
                                        "",
                                        [
                                          "arn:aws:mobiletargeting:*:",
                                          {
                                            "Ref": "IAMPrefix"
                                          },
                                          ":apps/",
                                          {
                                            "Fn::GetAtt": [
                                                "PinpointFunctionOutputs",
                                                "Id"
                                            ]
                                          },
                                          "*"
                                        ]
                                    ]
                                },
                                {

                                    "Fn::Join": [
                                        "",
                                        [
                                          "arn:aws:mobiletargeting:*:",
                                          {
                                            "Ref": "IAMPrefix"
                                          },
                                          ":apps/",
                                          {
                                            "Ref": "appId"
                                          },
                                          "*"
                                        ]
                                    ]
                                }
                            ]
                        }
                
                    ]
                  }
                ]
              }
            }
        },
        "CognitoAuthPolicy": {
            "Type": "AWS::IAM::Policy",
            "Condition": "ShouldCreatePinpointApp",
            "Properties": {
              "PolicyName": {"Ref": "authPolicyName" },
              "Roles": [ 
                {"Ref": "authRoleName" }
              ],
              "PolicyDocument": {
                "Version": "2012-10-17",
                "Statement": [
                  {
                    "Effect": "Allow",
                    "Action": [
                        "mobileanalytics:PutEvents"
                    ],
                    "Resource": [
                        "*"
                    ]
                  },
                  {
                    "Effect": "Allow",
                    "Action": [
                        "mobiletargeting:UpdateEndpoint"
                    ],
                    "Resource": [
                        {

                            "Fn::If": [
                                "ShouldCreatePinpointApp",
                                {

                                    "Fn::Join": [
                                        "",
                                        [
                                          "arn:aws:mobiletargeting:*:",
                                          {
                                            "Ref": "IAMPrefix"
                                          },
                                          ":apps/",
                                          {
                                            "Fn::GetAtt": [
                                                "PinpointFunctionOutputs",
                                                "Id"
                                            ]
                                          },
                                          "*"
                                        ]
                                    ]
                                },
                                {

                                    "Fn::Join": [
                                        "",
                                        [
                                          "arn:aws:mobiletargeting:*:",
                                          {
                                            "Ref": "IAMPrefix"
                                          },
                                          ":apps/",
                                          {
                                            "Ref": "appId"
                                          },
                                          "*"
                                        ]
                                    ]
                                }
                            ]
                        }
                
                    ]
                  }
                ]
              }
            }
        }
    },
    "Outputs": {
        "Region": {
            "Value": "us-east-1"
        },
        "Id": {
            "Value": {
                "Fn::If": [
                    "ShouldCreatePinpointApp",
                    {
                        "Fn::GetAtt": [
                            "PinpointFunctionOutputs",
                            "Id"
                        ]
                    }, 
                    {
                        "Ref": "appId"
                    }       
                ]
            }
        },
        "appName": {
            "Value": {
                "Fn::If": [
                    "ShouldCreatePinpointApp",
                    {
                        "Fn::GetAtt": [
                            "PinpointFunctionOutputs",
                            "Name"
                        ]
                    }, 
                    {
                        "Ref": "appName"
                    }       
                ]
            }
        }
    }
}